Variable_Name,Variable Desc,Who,Sales Channel,Product,Activity,Metric,Category
UM_Digitaldir_1P_Sales_Units_OE,Dependent,UM,Digitaldir,1P,Sales,Units,OE
UM_Digitalind_1P_Sales_Units_OE,Dependant,UM,Digitalind,1P,Sales,Units,OE
UM_D2DTeleout_2P_Sales_Units_OE,Dependant,UM,D2DTeleout,2P,Sales,Units,OE
UM_TeleinSiS_2P_Sales_Units_OE,Dependant,UM,TeleinSiS,2P,Sales,Units,OE
UM_Retaildir_2P_Sales_Units_OE,Dependant,UM,Retaildir,2P,Sales,Units,OE
UM_Retailind_2P_Sales_Units_OE,Dependant,UM,Retailind,2P,Sales,Units,OE
UM_Digitaldir_2P_Sales_Units_OE,Dependant,UM,Digitaldir,2P,Sales,Units,OE
UM_Digitalind_2P_Sales_Units_OE,Dependant,UM,Digitalind,2P,Sales,Units,OE
UM_D2DTeleout_3P_Sales_Units_OE,Dependant,UM,D2DTeleout,3P,Sales,Units,OE
UM_TeleinSiS_3P_Sales_Units_OE,Dependant,UM,TeleinSiS,3P,Sales,Units,OE
UM_Retaildir_3P_Sales_Units_OE,Dependant,UM,Retaildir,3P,Sales,Units,OE
UM_Retailind_3P_Sales_Units_OE,Dependant,UM,Retailind,3P,Sales,Units,OE
UM_Digitaldir_3P_Sales_Units_OE,Dependant,UM,Digitaldir,3P,Sales,Units,OE
UM_Digitalind_3P_Sales_Units_OE,Dependant,UM,Digitalind,3P,Sales,Units,OE
UM_D2DTeleout_BCS_Sales_Units_OE,Dependant,UM,D2DTeleout,BCS,Sales,Units,OE
UM_TeleinSiS_BCS_Sales_Units_OE,Dependant,UM,TeleinSiS,BCS,Sales,Units,OE
UM_Retail_BCS_Sales_Units_OE,Dependant,UM,Retail,BCS,Sales,Units,OE
UM_Digital_BCS_Sales_Units_OE,Dependant,UM,Digital,BCS,Sales,Units,OE
UM_AllChan_AllProd_Radio_GRP,Independent,UM,AllChan,AllProd,Radio,GRP,GRP
UM_AllChan_TV_Radio_GRP,Independent,UM,AllChan,TV,Radio,GRP,GRP
UM_AllChan_HSIn_Radio_GRP,Independent,UM,AllChan,HSIn,Radio,GRP,GRP
UM_AllChan_Tel_Radio_GRP,Independent,UM,AllChan,Tel,Radio,GRP,GRP
UM_AllChan_2P_Radio_GRP,Independent,UM,AllChan,2P,Radio,GRP,GRP
UM_AllChan_3P_Radio_GRP,Independent,UM,AllChan,3P,Radio,GRP,GRP
UM_AllChan_Mob_Radio_GRP,Independent,UM,AllChan,Mob,Radio,GRP,GRP
UM_AllChan_B2B_Radio_GRP,Independent,UM,AllChan,B2B,Radio,GRP,GRP
UM_AllChan_AllProd_TV_GRP,Independent,UM,AllChan,AllProd,TV,GRP,GRP
UM_AllChan_TV_TV_GRP,Independent,UM,AllChan,TV,TV,GRP,GRP
UM_AllChan_HSIn_TV_GRP,Independent,UM,AllChan,HSIn,TV,GRP,GRP
UM_AllChan_Tel_TV_GRP,Independent,UM,AllChan,Tel,TV,GRP,GRP
UM_AllChan_2P_TV_GRP,Independent,UM,AllChan,2P,TV,GRP,GRP
UM_AllChan_3P_TV_GRP,Independent,UM,AllChan,3P,TV,GRP,GRP
UM_AllChan_Mob_TV_GRP,Independent,UM,AllChan,Mob,TV,GRP,GRP
UM_AllChan_B2B_TV_GRP,Independent,UM,AllChan,B2B,TV,GRP,GRP
UM_AllChan_AllProd_Radio_SpendGross,Independent,UM,AllChan,AllProd,Radio,SpendGross,Spend
UM_AllChan_TV_Radio_SpendGross,Independent,UM,AllChan,TV,Radio,SpendGross,Spend
UM_AllChan_HSIn_Radio_SpendGross,Independent,UM,AllChan,HSIn,Radio,SpendGross,Spend
UM_AllChan_Tel_Radio_SpendGross,Independent,UM,AllChan,Tel,Radio,SpendGross,Spend
UM_AllChan_2P_Radio_SpendGross,Independent,UM,AllChan,2P,Radio,SpendGross,Spend
UM_AllChan_3P_Radio_SpendGross,Independent,UM,AllChan,3P,Radio,SpendGross,Spend
UM_AllChan_Mob_Radio_SpendGross,Independent,UM,AllChan,Mob,Radio,SpendGross,Spend
UM_AllChan_B2B_Radio_SpendGross,Independent,UM,AllChan,B2B,Radio,SpendGross,Spend
UM_AllChan_AllProd_TV_SpendGross,Independent,UM,AllChan,AllProd,TV,SpendGross,Spend
UM_AllChan_TV_TV_SpendGross,Independent,UM,AllChan,TV,TV,SpendGross,Spend
UM_AllChan_HSIn_TV_SpendGross,Independent,UM,AllChan,HSIn,TV,SpendGross,Spend
UM_AllChan_Tel_TV_SpendGross,Independent,UM,AllChan,Tel,TV,SpendGross,Spend
UM_AllChan_2P_TV_SpendGross,Independent,UM,AllChan,2P,TV,SpendGross,Spend
UM_AllChan_3P_TV_SpendGross,Independent,UM,AllChan,3P,TV,SpendGross,Spend
UM_AllChan_Mob_TV_SpendGross,Independent,UM,AllChan,Mob,TV,SpendGross,Spend
UM_AllChan_B2B_TV_SpendGross,Independent,UM,AllChan,B2B,TV,SpendGross,Spend
UM_AllChan_AllProd_Internet_SpendGross,Independent,UM,AllChan,AllProd,Internet,SpendGross,Spend
UM_AllChan_TV_Internet_SpendGross,Independent,UM,AllChan,TV,Internet,SpendGross,Spend
UM_AllChan_HSIn_Internet_SpendGross,Independent,UM,AllChan,HSIn,Internet,SpendGross,Spend
UM_AllChan_Tel_Internet_SpendGross,Independent,UM,AllChan,Tel,Internet,SpendGross,Spend
UM_AllChan_2P_Internet_SpendGross,Independent,UM,AllChan,2P,Internet,SpendGross,Spend
UM_AllChan_3P_Internet_SpendGross,Independent,UM,AllChan,3P,Internet,SpendGross,Spend
UM_AllChan_Mob_Internet_SpendGross,Independent,UM,AllChan,Mob,Internet,SpendGross,Spend
UM_AllChan_B2B_Internet_SpendGross,Independent,UM,AllChan,B2B,Internet,SpendGross,Spend
UM_AllChan_AllProd_TradePress_SpendGross,Independent,UM,AllChan,AllProd,TradePress,SpendGross,Spend
UM_AllChan_TV_TradePress_SpendGross,Independent,UM,AllChan,TV,TradePress,SpendGross,Spend
UM_AllChan_HSIn_TradePress_SpendGross,Independent,UM,AllChan,HSIn,TradePress,SpendGross,Spend
UM_AllChan_Tel_TradePress_SpendGross,Independent,UM,AllChan,Tel,TradePress,SpendGross,Spend
UM_AllChan_2P_TradePress_SpendGross,Independent,UM,AllChan,2P,TradePress,SpendGross,Spend
UM_AllChan_3P_TradePress_SpendGross,Independent,UM,AllChan,3P,TradePress,SpendGross,Spend
UM_AllChan_Mob_TradePress_SpendGross,Independent,UM,AllChan,Mob,TradePress,SpendGross,Spend
UM_AllChan_B2B_TradePress_SpendGross,Independent,UM,AllChan,B2B,TradePress,SpendGross,Spend
UM_AllChan_AllProd_Magazines_SpendGross,Independent,UM,AllChan,AllProd,Magazines,SpendGross,Spend
UM_AllChan_TV_Magazines_SpendGross,Independent,UM,AllChan,TV,Magazines,SpendGross,Spend
UM_AllChan_HSIn_Magazines_SpendGross,Independent,UM,AllChan,HSIn,Magazines,SpendGross,Spend
UM_AllChan_Tel_Magazines_SpendGross,Independent,UM,AllChan,Tel,Magazines,SpendGross,Spend
UM_AllChan_2P_Magazines_SpendGross,Independent,UM,AllChan,2P,Magazines,SpendGross,Spend
UM_AllChan_3P_Magazines_SpendGross,Independent,UM,AllChan,3P,Magazines,SpendGross,Spend
UM_AllChan_Mob_Magazines_SpendGross,Independent,UM,AllChan,Mob,Magazines,SpendGross,Spend
UM_AllChan_B2B_Magazines_SpendGross,Independent,UM,AllChan,B2B,Magazines,SpendGross,Spend
UM_AllChan_AllProd_OOH_SpendGross,Independent,UM,AllChan,AllProd,OOH,SpendGross,Spend
UM_AllChan_TV_OOH_SpendGross,Independent,UM,AllChan,TV,OOH,SpendGross,Spend
UM_AllChan_HSIn_OOH_SpendGross,Independent,UM,AllChan,HSIn,OOH,SpendGross,Spend
UM_AllChan_Tel_OOH_SpendGross,Independent,UM,AllChan,Tel,OOH,SpendGross,Spend
UM_AllChan_2P_OOH_SpendGross,Independent,UM,AllChan,2P,OOH,SpendGross,Spend
UM_AllChan_3P_OOH_SpendGross,Independent,UM,AllChan,3P,OOH,SpendGross,Spend
UM_AllChan_Mob_OOH_SpendGross,Independent,UM,AllChan,Mob,OOH,SpendGross,Spend
UM_AllChan_B2B_OOH_SpendGross,Independent,UM,AllChan,B2B,OOH,SpendGross,Spend
UM_AllChan_AllProd_InternetSocialIO_SpendGross,Independent,UM,AllChan,AllProd,InternetSocialIO,SpendGross,Spend
UM_AllChan_TV_InternetSocialIO_SpendGross,Independent,UM,AllChan,TV,InternetSocialIO,SpendGross,Spend
UM_AllChan_HSIn_InternetSocialIO_SpendGross,Independent,UM,AllChan,HSIn,InternetSocialIO,SpendGross,Spend
UM_AllChan_Tel_InternetSocialIO_SpendGross,Independent,UM,AllChan,Tel,InternetSocialIO,SpendGross,Spend
UM_AllChan_2P_InternetSocialIO_SpendGross,Independent,UM,AllChan,2P,InternetSocialIO,SpendGross,Spend
UM_AllChan_3P_InternetSocialIO_SpendGross,Independent,UM,AllChan,3P,InternetSocialIO,SpendGross,Spend
UM_AllChan_Mob_InternetSocialIO_SpendGross,Independent,UM,AllChan,Mob,InternetSocialIO,SpendGross,Spend
UM_AllChan_B2B_InternetSocialIO_SpendGross,Independent,UM,AllChan,B2B,InternetSocialIO,SpendGross,Spend
UM_AllChan_AllProd_Newspapers_SpendGross,Independent,UM,AllChan,AllProd,Newspapers,SpendGross,Spend
UM_AllChan_TV_Newspapers_SpendGross,Independent,UM,AllChan,TV,Newspapers,SpendGross,Spend
UM_AllChan_HSIn_Newspapers_SpendGross,Independent,UM,AllChan,HSIn,Newspapers,SpendGross,Spend
UM_AllChan_Tel_Newspapers_SpendGross,Independent,UM,AllChan,Tel,Newspapers,SpendGross,Spend
UM_AllChan_2P_Newspapers_SpendGross,Independent,UM,AllChan,2P,Newspapers,SpendGross,Spend
UM_AllChan_3P_Newspapers_SpendGross,Independent,UM,AllChan,3P,Newspapers,SpendGross,Spend
UM_AllChan_Mob_Newspapers_SpendGross,Independent,UM,AllChan,Mob,Newspapers,SpendGross,Spend
UM_AllChan_B2B_Newspapers_SpendGross,Independent,UM,AllChan,B2B,Newspapers,SpendGross,Spend
UM_AllChan_AllProd_Cinema_SpendGross,Independent,UM,AllChan,AllProd,Cinema,SpendGross,Spend
UM_AllChan_TV_Cinema_SpendGross,Independent,UM,AllChan,TV,Cinema,SpendGross,Spend
UM_AllChan_HSIn_Cinema_SpendGross,Independent,UM,AllChan,HSIn,Cinema,SpendGross,Spend
UM_AllChan_Tel_Cinema_SpendGross,Independent,UM,AllChan,Tel,Cinema,SpendGross,Spend
UM_AllChan_2P_Cinema_SpendGross,Independent,UM,AllChan,2P,Cinema,SpendGross,Spend
UM_AllChan_3P_Cinema_SpendGross,Independent,UM,AllChan,3P,Cinema,SpendGross,Spend
UM_AllChan_Mob_Cinema_SpendGross,Independent,UM,AllChan,Mob,Cinema,SpendGross,Spend
UM_AllChan_B2B_Cinema_SpendGross,Independent,UM,AllChan,B2B,Cinema,SpendGross,Spend
UM_AllChan_AllProd_Cooperation_SpendGross,Independent,UM,AllChan,AllProd,Cooperation,SpendGross,Spend
UM_AllChan_TV_Cooperation_SpendGross,Independent,UM,AllChan,TV,Cooperation,SpendGross,Spend
UM_AllChan_HSIn_Cooperation_SpendGross,Independent,UM,AllChan,HSIn,Cooperation,SpendGross,Spend
UM_AllChan_Tel_Cooperation_SpendGross,Independent,UM,AllChan,Tel,Cooperation,SpendGross,Spend
UM_AllChan_2P_Cooperation_SpendGross,Independent,UM,AllChan,2P,Cooperation,SpendGross,Spend
UM_AllChan_3P_Cooperation_SpendGross,Independent,UM,AllChan,3P,Cooperation,SpendGross,Spend
UM_AllChan_Mob_Cooperation_SpendGross,Independent,UM,AllChan,Mob,Cooperation,SpendGross,Spend
UM_AllChan_B2B_Cooperation_SpendGross,Independent,UM,AllChan,B2B,Cooperation,SpendGross,Spend
UM_AllChan_AllCamp_Radio_GRP,Independent,UM,AllChan,AllCamp,Radio,GRP,GRP
UM_AllChan_AllCamp_TV_GRP,Independent,UM,AllChan,AllCamp,TV,GRP,GRP
UM_AllChan_AllProd_Radio_SpendGross,Independent,UM,AllChan,AllProd,Radio,SpendGross,Spend
UM_AllChan_AllProd_TV_SpendGross,Independent,UM,AllChan,AllProd,TV,SpendGross,Spend
UM_AllChan_AllProd_HSIn_SpendGross,Independent,UM,AllChan,AllProd,HSIn,SpendGross,Spend
UM_AllChan_AllProd_TradePress_SpendGross,Independent,UM,AllChan,AllProd,TradePress,SpendGross,Spend
UM_AllChan_AllProd_Magazines_SpendGross,Independent,UM,AllChan,AllProd,Magazines,SpendGross,Spend
UM_AllChan_AllProd_OOH_SpendGross,Independent,UM,AllChan,AllProd,OOH,SpendGross,Spend
UM_AllChan_AllProd_InternetSocialIO_SpendGross,Independent,UM,AllChan,AllProd,InternetSocialIO,SpendGross,Spend
UM_AllChan_AllProd_Newspapers_SpendGross,Independent,UM,AllChan,AllProd,Newspapers,SpendGross,Spend
UM_AllChan_AllProd_Cinema_SpendGross,Independent,UM,AllChan,AllProd,Cinema,SpendGross,Spend
UM_AllChan_AllProd_Cooperation_SpendGross,Independent,UM,AllChan,AllProd,Cooperation,SpendGross,Spend
UM_HSIn_AllProd_TraditionalMedia_SpendGross,Independent,UM,HSIn,AllProd,TraditionalMedia,SpendGross,Spend
UM_AllChan_AllProd_NationalorFederalHolidays_GeoWeightedDays,Independent,UM,AllChan,AllProd,NationalorFederalHolidays,GeoWeightedDays,Seasonal
UM_AllChan_AllProd_DecJanHolidaysXmas_NY_GeoWeightedDays,Independent,UM,AllChan,AllProd,DecJanHolidaysXmas_NY,GeoWeightedDays,Seasonal
UM_AllChan_AllProd_Karnveal_Holidays_GeoWeightedDays,Independent,UM,AllChan,AllProd,Karnveal_Holidays,GeoWeightedDays,Seasonal
UM_AllChan_AllProd_MarApr_Easter_Holidays_GeoWeightedDays,Independent,UM,AllChan,AllProd,MarApr_Easter_Holidays,GeoWeightedDays,Seasonal
UM_AllChan_AllProd_School_Holidays_GeoWeightedDays,Independent,UM,AllChan,AllProd,School_Holidays,GeoWeightedDays,Seasonal
UM_AllChan_1P_ListPrice_Euros,Independent,UM,AllChan,1P,ListPrice,Euros,Price
UM_AllChan_2P_ListPrice_Euros,Independent,UM,AllChan,2P,ListPrice,Euros,Price
UM_AllChan_3P_ListPrice_Euros,Independent,UM,AllChan,3P,ListPrice,Euros,Price
UM_AllChan_BCS_ListPrice_Euros,Independent,UM,AllChan,BCS,ListPrice,Euros,Price
UM_AllChan_1P_EffectivePriceRed_Euros,Independent,UM,AllChan,1P,EffectivePriceRed,Euros,Price
UM_AllChan_2P_EffectivePriceRed_Euros,Independent,UM,AllChan,2P,EffectivePriceRed,Euros,Price
UM_AllChan_3P_EffectivePriceRed_Euros,Independent,UM,AllChan,3P,EffectivePriceRed,Euros,Price
UM_AllChan_1P_VP2_StepchangeInitial,Independent,UM,AllChan,1P,VP2,StepchangeInitial,VP
UM_AllChan_1P_VP3_StepchangeInitial,Independent,UM,AllChan,1P,VP3,StepchangeInitial,VP
UM_AllChan_1P_VP4_StepchangeInitial,Independent,UM,AllChan,1P,VP4,StepchangeInitial,VP
UM_AllChan_1P_VP5_StepchangeInitial,Independent,UM,AllChan,1P,VP5,StepchangeInitial,VP
UM_AllChan_2P_VP2_StepchangeInitial,Independent,UM,AllChan,2P,VP2,StepchangeInitial,VP
UM_AllChan_2P_VP3_StepchangeInitial,Independent,UM,AllChan,2P,VP3,StepchangeInitial,VP
UM_AllChan_2P_VP4_StepchangeInitial,Independent,UM,AllChan,2P,VP4,StepchangeInitial,VP
UM_AllChan_2P_VP5_StepchangeInitial,Independent,UM,AllChan,2P,VP5,StepchangeInitial,VP
UM_AllChan_3P_VP2_StepchangeInitial,Independent,UM,AllChan,3P,VP2,StepchangeInitial,VP
UM_AllChan_3P_VP3_StepchangeInitial,Independent,UM,AllChan,3P,VP3,StepchangeInitial,VP
UM_AllChan_3P_VP4_StepchangeInitial,Independent,UM,AllChan,3P,VP4,StepchangeInitial,VP
UM_AllChan_3P_VP5_StepchangeInitial,Independent,UM,AllChan,3P,VP5,StepchangeInitial,VP
UM_AllChan_HSIn_RouterFreedom_StepchangeInitial,Independent,UM,AllChan,HSIn,RouterFreedom,StepchangeInitial,VP
UM_AllChan_1P_VP1_Stepchange_BaseParentVar,Independent,UM,AllChan,1P,VP1,Stepchange,VP
UM_AllChan_1P_VP2_Stepchange,Independent,UM,AllChan,1P,VP2,Stepchange,VP
UM_AllChan_1P_VP3_Stepchange,Independent,UM,AllChan,1P,VP3,Stepchange,VP
UM_AllChan_1P_VP4_Stepchange,Independent,UM,AllChan,1P,VP4,Stepchange,VP
UM_AllChan_1P_VP5_Stepchange,Independent,UM,AllChan,1P,VP5,Stepchange,VP
UM_AllChan_2P_VP1_Stepchange_BaseParentVar,Independent,UM,AllChan,2P,VP1,Stepchange,VP
UM_AllChan_2P_VP2_Stepchange,Independent,UM,AllChan,2P,VP2,Stepchange,VP
UM_AllChan_2P_VP3_Stepchange,Independent,UM,AllChan,2P,VP3,Stepchange,VP
UM_AllChan_2P_VP4_Stepchange,Independent,UM,AllChan,2P,VP4,Stepchange,VP
UM_AllChan_2P_VP5_Stepchange,Independent,UM,AllChan,2P,VP5,Stepchange,VP
UM_AllChan_3P_VP1_Stepchange_BaseParentVar,Independent,UM,AllChan,3P,VP1,Stepchange,VP
UM_AllChan_3P_VP2_Stepchange,Independent,UM,AllChan,3P,VP2,Stepchange,VP
UM_AllChan_3P_VP3_Stepchange,Independent,UM,AllChan,3P,VP3,Stepchange,VP
UM_AllChan_3P_VP4_Stepchange,Independent,UM,AllChan,3P,VP4,Stepchange,VP
UM_AllChan_3P_VP5_Stepchange,Independent,UM,AllChan,3P,VP5,Stepchange,VP
UM_AllChan_HSIn_RouterFreedom_Stepchange,Independent,UM,AllChan,HSIn,RouterFreedom,Stepchange,Promo
UM_AllChan_AllProd_ServiceUpdate_Stepchange_TVrelated,Independent,UM,AllChan,AllProd,ServiceUpdate,Stepchange,Promo
UM_Digitaldir_1P_TP50_EuroValue,Independent,UM,Digitaldir,1P,TP50,EuroValue,Promo
UM_Digitaldir_1P_TP134_EuroValue,Independent,UM,Digitaldir,1P,TP134,EuroValue,Promo
UM_Digitalind_1P_TP134_EuroValue,Independent,UM,Digitalind,1P,TP134,EuroValue,Promo
UM_D2DTeleout_2P_TP_EuroValue,Independent,UM,D2DTeleout,2P,TP,EuroValue,Promo
UM_TeleinSiS_2P_TP_EuroValue,Independent,UM,TeleinSiS,2P,TP,EuroValue,Promo
UM_Retaildir_2P_TP21nTP100_EuroValue,Independent,UM,Retaildir,2P,TP21nTP100,EuroValue,Promo
UM_Retailind_2P_TP100_EuroValue,Independent,UM,Retailind,2P,TP100,EuroValue,Promo
UM_Digitaldir_2P_TP100_EuroValue,Independent,UM,Digitaldir,2P,TP100,EuroValue,Promo
UM_Digitaldir_2P_TP134_EuroValue,Independent,UM,Digitaldir,2P,TP134,EuroValue,Promo
UM_Digitalind_2P_TP134_EuroValue,Independent,UM,Digitalind,2P,TP134,EuroValue,Promo
UM_D2DTeleout_3P_TP_EuroValue,Independent,UM,D2DTeleout,3P,TP,EuroValue,Missing
UM_TeleinSiS_3P_TP_EuroValue,Independent,UM,TeleinSiS,3P,TP,EuroValue,Missing
UM_Retaildir_3P_TP_EuroValue,Independent,UM,Retaildir,3P,TP,EuroValue,Missing
UM_Retailind_3P_TP_EuroValue,Independent,UM,Retailind,3P,TP,EuroValue,Missing
UM_Digitaldir_3P_TP134_EuroValue,Independent,UM,Digitaldir,3P,TP134,EuroValue,Promo
UM_Digitalind_3P_TP134_EuroValue,Independent,UM,Digitalind,3P,TP134,EuroValue,Promo
UM_AllChan_2P_LosWochos_Stepchange,Independent,UM,AllChan,2P,LosWochos,Stepchange,Promo
UM_AllChan_3P_LosWochos_Stepchange,Independent,UM,AllChan,3P,LosWochos,Stepchange,Promo
UM_AllChan_2P_LosWochos_EuroSize,Independent,UM,AllChan,2P,LosWochos,EuroSize,Promo
UM_AllChan_3P_LosWochos_EuroSize,Independent,UM,AllChan,3P,LosWochos,EuroSize,Promo
UM_AllChan_2P_ScarcityIndicator_StepChange,Independent,UM,AllChan,2P,Scarcity Indicator,StepChange,Promo
UM_AllChan_3P_ScarcityIndicator_StepChange,Independent,UM,AllChan,3P,Scarcity Indicator,StepChange,Promo
UM_AllChan_3p_Whitemail_Number,Independent,UM,AllChan,3p,Whitemail,Number,DM
UM_AllChan_2p_Whitemail_Number,Independent,UM,AllChan,2p,Whitemail,Number,DM
UM_AllChan_2p3p_Whitemail_Number,Independent,UM,AllChan,2p3p,Whitemail,Number,DM
UM_AllChan_1p2p_Whitemail_Number,Independent,UM,AllChan,1p2p,Whitemail,Number,DM
UM_AllChan_3p_Whitemail_Cost,Independent,UM,AllChan,3p,Whitemail,Cost,DM
UM_AllChan_2p_Whitemail_Cost,Independent,UM,AllChan,2p,Whitemail,Cost,DM
UM_AllChan_2p3p_Whitemail_Cost,Independent,UM,AllChan,2p3p,Whitemail,Cost,DM
UM_AllChan_1p2p_Whitemail_Cost,Independent,UM,AllChan,1p2p,Whitemail,Cost,DM
UM_AllChan_3p_Email_Number,Independent,UM,AllChan,3p,Email,Number,DM
UM_AllChan_1p2p_Email_Number,Independent,UM,AllChan,1p2p,Email,Number,DM
UM_AllChan_2p_Email_Number,Independent,UM,AllChan,2p,Email,Number,DM
UM_AllChan_3p_Email_Cost,Independent,UM,AllChan,3p,Email,Cost,DM
UM_AllChan_1p2p_Email_Cost,Independent,UM,AllChan,1p2p,Email,Cost,DM
UM_AllChan_2p_Email_Cost,Independent,UM,AllChan,2p,Email,Cost,DM
UM_AllChan_2p_Outbound_ReachedContacts,Independent,UM,AllChan,2p,Outbound,ReachedContacts,DM
UM_AllChan_2p3p_Outbound_ReachedContacts,Independent,UM,AllChan,2p3p,Outbound,ReachedContacts,DM
UM_AllChan_3p_Outbound_ReachedContacts,Independent,UM,AllChan,3p,Outbound,ReachedContacts,DM
UM_Retailind_2P_HSIn_CPO1a_SpendPerOE_A,Independent,UM,Retailind,2P_HSIn,CPO1a,SpendPerOE,CPO
UM_Retailind_3P_HSIn_CPO1a_SpendPerOE_B,Independent,UM,Retailind,3P_HSIn,CPO1a,SpendPerOE,CPO
UM_Retailind_2P_HSIn_CPO1b_SpendPerOE_C,Independent,UM,Retailind,2P_HSIn,CPO1b,SpendPerOE,CPO
UM_Retailind_3P_HSIn_CPO1b_SpendPerOE_D,Independent,UM,Retailind,3P_HSIn,CPO1b,SpendPerOE,CPO
UM_Retailind_BCS_CPO1a_SpendPerOE_E,Independent,UM,Retailind,BCS,CPO1a,SpendPerOE,CPO
UM_Retailind_BCS_CPO1b_SpendPerOE_F,Independent,UM,Retailind,BCS,CPO1b,SpendPerOE,CPO
UM_Retailind_2P_HSIn_CPO1_SpendPerOE_G,Independent,UM,Retailind,2P_HSIn,CPO1,SpendPerOE,CPO
UM_Retailind_3P_HSIn_CPO1_SpendPerOE_H,Independent,UM,Retailind,3P_HSIn,CPO1,SpendPerOE,CPO
UM_Retailind_BCS_CPO1_SpendPerOE_I,Independent,UM,Retailind,BCS,CPO1,SpendPerOE,CPO
UM_Retailind_2P_HSIn_CPO2_SpendPerOE_J,Independent,UM,Retailind,2P_HSIn,CPO2,SpendPerOE,CPO
UM_Retailind_3P_HSIn_CPO2_SpendPerOE_K,Independent,UM,Retailind,3P_HSIn,CPO2,SpendPerOE,CPO
UM_Retailind_2P_HSIn_CPO1b_2_SpendPerOE_L,Independent,UM,Retailind,2P_HSIn,CPO 1b_2,SpendPerOE,CPO
UM_Retailind_3P_HSIn_CPO1b_2_SpendPerOE_M,Independent,UM,Retailind,3P_HSIn,CPO 1b_2,SpendPerOE,CPO
UM_Retailind_2P_HSIn_CPO1_2_SpendPerOE_N,Independent,UM,Retailind,2P_HSIn,CPO1 _ 2,SpendPerOE,CPO
UM_Retailind_3P_HSIn_CPO1_2_SpendPerOE_O,Independent,UM,Retailind,3P_HSIn,CPO1 _ 2,SpendPerOE,CPO
UM_Retailind_2P_HSIn_CPO3_Spend_P,Independent,UM,Retailind,2P_HSIn,CPO3,Spend,CPO
UM_Retailind_3P_HSIn_CPO3_Spend_Q,Independent,UM,Retailind,3P_HSIn,CPO3,Spend,CPO
UM_Retailind_BCS_CPO3_Spend_R,Independent,UM,Retailind,BCS,CPO3,Spend,CPO
UM_Retaildir_2P_HSIn_CPO1a_SpendPerOE_A,Independent,UM,Retaildir,2P_HSIn,CPO1a,SpendPerOE,CPO
UM_Retaildir_3P_HSIn_CPO1a_SpendPerOE_B,Independent,UM,Retaildir,3P_HSIn,CPO1a,SpendPerOE,CPO
UM_Retaildir_2P_HSIn_CPO1b_SpendPerOE_C,Independent,UM,Retaildir,2P_HSIn,CPO1b,SpendPerOE,CPO
UM_Retaildir_3P_HSIn_CPO1b_SpendPerOE_D,Independent,UM,Retaildir,3P_HSIn,CPO1b,SpendPerOE,CPO
UM_Retaildir_BCS_CPO1a_SpendPerOE_E,Independent,UM,Retaildir,BCS,CPO1a,SpendPerOE,CPO
UM_Retaildir_BCS_CPO1b_SpendPerOE_F,Independent,UM,Retaildir,BCS,CPO1b,SpendPerOE,CPO
UM_Retaildir_2P_HSIn_CPO1_SpendPerOE_G,Independent,UM,Retaildir,2P_HSIn,CPO1,SpendPerOE,CPO
UM_Retaildir_3P_HSIn_CPO1_SpendPerOE_H,Independent,UM,Retaildir,3P_HSIn,CPO1,SpendPerOE,CPO
UM_Retaildir_BCS_CPO1_SpendPerOE_I,Independent,UM,Retaildir,BCS,CPO1,SpendPerOE,CPO
UM_Retaildir_2P_HSIn_CPO2_SpendPerOE_J,Independent,UM,Retaildir,2P_HSIn,CPO2,SpendPerOE,CPO
UM_Retaildir_3P_HSIn_CPO2_SpendPerOE_K,Independent,UM,Retaildir,3P_HSIn,CPO2,SpendPerOE,CPO
UM_Retaildir_BCS_CPO2_SpendPerOE_L,Independent,UM,Retaildir,BCS,CPO2,SpendPerOE,CPO
UM_Retaildir_2P_HSIn_CPO1b_2_SpendPerOE_M,Independent,UM,Retaildir,2P_HSIn,CPO 1b_2,SpendPerOE,CPO
UM_Retaildir_3P_HSIn_CPO1b_2_SpendPerOE_N,Independent,UM,Retaildir,3P_HSIn,CPO 1b_2,SpendPerOE,CPO
UM_Retaildir_BCS_CPO1b_2_SpendPerOE_O,Independent,UM,Retaildir,BCS,CPO 1b_2,SpendPerOE,CPO
UM_Retaildir_2P_HSIn_CPO1_2_SpendPerOE_P,Independent,UM,Retaildir,2P_HSIn,CPO1 _ 2,SpendPerOE,CPO
UM_Retaildir_3P_HSIn_CPO1_2_SpendPerOE_Q,Independent,UM,Retaildir,3P_HSIn,CPO1 _ 2,SpendPerOE,CPO
UM_Retaildir_BCS_CPO1_2_SpendPerOE_R,Independent,UM,Retaildir,BCS,CPO1 _ 2,SpendPerOE,CPO
UM_Retaildir_2P_HSIn_CPO3_Spend_S,Independent,UM,Retaildir,2P_HSIn,CPO3,Spend,CPO
UM_Retaildir_3P_HSIn_CPO3_Spend_T,Independent,UM,Retaildir,3P_HSIn,CPO3,Spend,CPO
UM_Retaildir_BCS_CPO3_Spend_U,Independent,UM,Retaildir,BCS,CPO3,Spend,CPO
UM_D2DTeleout_2P_HSIn_CPO1a_SpendPerOE_A,Independent,UM,D2DTeleout,2P_HSIn,CPO1a,SpendPerOE,CPO
UM_D2DTeleout_3P_HSIn_CPO1a_SpendPerOE_B,Independent,UM,D2DTeleout,3P_HSIn,CPO1a,SpendPerOE,CPO
UM_D2DTeleout_2P_HSIn_CPO1b_SpendPerOE_C,Independent,UM,D2DTeleout,2P_HSIn,CPO1b,SpendPerOE,CPO
UM_D2DTeleout_3P_HSIn_CPO1b_SpendPerOE_D,Independent,UM,D2DTeleout,3P_HSIn,CPO1b,SpendPerOE,CPO
UM_D2DTeleout_BCS_CPO1a_SpendPerOE_E,Independent,UM,D2DTeleout,BCS,CPO1a,SpendPerOE,CPO
UM_D2DTeleout_BCS_CPO1b_SpendPerOE_F,Independent,UM,D2DTeleout,BCS,CPO1b,SpendPerOE,CPO
UM_D2DTeleout_2P_HSIn_CPO1_SpendPerOE_G,Independent,UM,D2DTeleout,2P_HSIn,CPO1,SpendPerOE,CPO
UM_D2DTeleout_3P_HSIn_CPO1_SpendPerOE_H,Independent,UM,D2DTeleout,3P_HSIn,CPO1,SpendPerOE,CPO
UM_D2DTeleout_BCS_CPO1_SpendPerOE_I,Independent,UM,D2DTeleout,BCS,CPO1,SpendPerOE,CPO
UM_D2DTeleout_2P_HSIn_CPO2_SpendPerOE_J,Independent,UM,D2DTeleout,2P_HSIn,CPO2,SpendPerOE,CPO
UM_D2DTeleout_3P_HSIn_CPO2_SpendPerOE_K,Independent,UM,D2DTeleout,3P_HSIn,CPO2,SpendPerOE,CPO
UM_D2DTeleout_BCS_CPO2_SpendPerOE_L,Independent,UM,D2DTeleout,BCS,CPO2,SpendPerOE,CPO
UM_D2DTeleout_2P_HSIn_CPO1b_2_SpendPerOE_M,Independent,UM,D2DTeleout,2P_HSIn,CPO 1b_2,SpendPerOE,CPO
UM_D2DTeleout_3P_HSIn_CPO1b_2_SpendPerOE_N,Independent,UM,D2DTeleout,3P_HSIn,CPO 1b_2,SpendPerOE,CPO
UM_D2DTeleout_BCS_CPO1b_2_SpendPerOE_O,Independent,UM,D2DTeleout,BCS,CPO 1b_2,SpendPerOE,CPO
UM_D2DTeleout_2P_HSIn_CPO1_2_SpendPerOE_P,Independent,UM,D2DTeleout,2P_HSIn,CPO1 _ 2,SpendPerOE,CPO
UM_D2DTeleout_3P_HSIn_CPO1_2_SpendPerOE_Q,Independent,UM,D2DTeleout,3P_HSIn,CPO1 _ 2,SpendPerOE,CPO
UM_D2DTeleout_BCS_CPO1_2_SpendPerOE_R,Independent,UM,D2DTeleout,BCS,CPO1 _ 2,SpendPerOE,CPO
UM_D2DTeleout_2P_HSIn_CPO3_Spend_S,Independent,UM,D2DTeleout,2P_HSIn,CPO3,Spend,CPO
UM_D2DTeleout_3P_HSIn_CPO3_Spend_T,Independent,UM,D2DTeleout,3P_HSIn,CPO3,Spend,CPO
UM_D2DTeleout_BCS_CPO3_Spend_U,Independent,UM,D2DTeleout,BCS,CPO3,Spend,CPO
Comp_AllChan_2P_Effectively_Mtl_Price_Avg_Ranking_V1,Independent,Comp,AllChan,2P,Effectively_Mtl_Price,Avg_Ranking_V1,Comp
Comp_AllChan_3P_Effectively_Mtl_Price_Avg_Ranking_V1,Independent,Comp,AllChan,3P,Effectively_Mtl_Price,Avg_Ranking_V1,Comp
Comp_AllChan_2P_Effectively_Mtl_Price_Avg_Ranking_V0,Independent,Comp,AllChan,2P,Effectively_Mtl_Price,Avg_Ranking_V0,Comp
Comp_AllChan_3P_Effectively_Mtl_Price_Avg_Ranking_V0,Independent,Comp,AllChan,3P,Effectively_Mtl_Price,Avg_Ranking_V0,Comp
Comp_AllChan_2P_Effectively_Mtl_Price_Avg_Ranking_V2,Independent,Comp,AllChan,2P,Effectively_Mtl_Price,Avg_Ranking_V2,Comp
Comp_AllChan_3P_Effectively_Mtl_Price_Avg_Ranking_V2,Independent,Comp,AllChan,3P,Effectively_Mtl_Price,Avg_Ranking_V2,Comp
Comp_AllChan_2P_Effectively_Mtl_Price_Avg_Ranking_V3,Independent,Comp,AllChan,2P,Effectively_Mtl_Price,Avg_Ranking_V3,Comp
Comp_AllChan_3P_Effectively_Mtl_Price_Avg_Ranking_V3,Independent,Comp,AllChan,3P,Effectively_Mtl_Price,Avg_Ranking_V3,Comp
Comp_AllChan_2P_Effectively_Mtl_Price_Avg_Ranking_V4,Independent,Comp,AllChan,2P,Effectively_Mtl_Price,Avg_Ranking_V4,Comp
Comp_AllChan_3P_Effectively_Mtl_Price_Avg_Ranking_V4,Independent,Comp,AllChan,3P,Effectively_Mtl_Price,Avg_Ranking_V4,Comp
Comp_AllChan_2P_Effectively_Mtl_Price_Avg_Ranking_V5,Independent,Comp,AllChan,2P,Effectively_Mtl_Price,Avg_Ranking_V5,Comp
Comp_AllChan_3P_Effectively_Mtl_Price_Avg_Ranking_V5,Independent,Comp,AllChan,3P,Effectively_Mtl_Price,Avg_Ranking_V5,Comp
UM_D2DTeleout_AllProd_SalesSupport_Spend_Deal_closer,Independent,UM,D2DTeleout,AllProd,SalesSupport,Spend,Support
UM_D2DTeleout_AllProd_SalesSupport_Spend_TrafficIncr,Independent,UM,D2DTeleout,AllProd,SalesSupport,Spend,Support
UM_D2DTeleout_AllProd_SalesSupport_Spend_Total,Independent,UM,D2DTeleout,AllProd,SalesSupport,Spend,Support
UM_Retaildir_AllProd_SalesSupport_Spend_Deal_closer,Independent,UM,Retaildir,AllProd,SalesSupport,Spend,Support
UM_Retaildir_AllProd_SalesSupport_Spend_TrafficIncr,Independent,UM,Retaildir,AllProd,SalesSupport,Spend,Support
UM_Retaildir_AllProd_SalesSupport_Spend_Total,Independent,UM,Retaildir,AllProd,SalesSupport,Spend,Support
UM_RetailIndir_AllProd_SalesSupport_Spend_Deal_closer,Independent,UM,RetailIndir,AllProd,SalesSupport,Spend,Support
UM_RetailIndir_AllProd_SalesSupport_Spend_TrafficIncr,Independent,UM,RetailIndir,AllProd,SalesSupport,Spend,Support
UM_RetailIndir_AllProd_SalesSupport_Spend_Total,Independent,UM,RetailIndir,AllProd,SalesSupport,Spend,Support
Comp_AllChan_HSIn_Internet_Spend,Independent,Comp,AllChan,HSIn,Internet,Spend,Comp
Comp_AllChan_TEL_Internet_Spend,Independent,Comp,AllChan,TEL,Internet,Spend,Comp
Comp_AllChan_MOB_Internet_Spend,Independent,Comp,AllChan,MOB,Internet,Spend,Comp
Comp_AllChan_TV_Internet_Spend,Independent,Comp,AllChan,TV,Internet,Spend,Comp
Comp_AllChan_HSIn_Mobile_Spend,Independent,Comp,AllChan,HSIn,Mobile,Spend,Comp
Comp_AllChan_TEL_Mobile_Spend,Independent,Comp,AllChan,TEL,Mobile,Spend,Comp
Comp_AllChan_MOB_Mobile_Spend,Independent,Comp,AllChan,MOB,Mobile,Spend,Comp
Comp_AllChan_HSIn_Magazines_Spend,Independent,Comp,AllChan,HSIn,Magazines,Spend,Comp
Comp_AllChan_TEL_Magazines_Spend,Independent,Comp,AllChan,TEL,Magazines,Spend,Comp
Comp_AllChan_MOB_Magazines_Spend,Independent,Comp,AllChan,MOB,Magazines,Spend,Comp
Comp_AllChan_TV_Magazines_Spend,Independent,Comp,AllChan,TV,Magazines,Spend,Comp
Comp_AllChan_HSIn_TV_Spend,Independent,Comp,AllChan,HSIn,TV,Spend,Comp
Comp_AllChan_TEL_TV_Spend,Independent,Comp,AllChan,TEL,TV,Spend,Comp
Comp_AllChan_MOB_TV_Spend,Independent,Comp,AllChan,MOB,TV,Spend,Comp
Comp_AllChan_TV_TV_Spend,Independent,Comp,AllChan,TV,TV,Spend,Comp
Comp_AllChan_HSIn_PromoEvents_Spend,Independent,Comp,AllChan,HSIn,PromoEvents,Spend,Comp
Comp_AllChan_TEL_PromoEvents_Spend,Independent,Comp,AllChan,TEL,PromoEvents,Spend,Comp
Comp_AllChan_MOB_PromoEvents_Spend,Independent,Comp,AllChan,MOB,PromoEvents,Spend,Comp
Comp_AllChan_TV_PromoEvents_Spend,Independent,Comp,AllChan,TV,PromoEvents,Spend,Comp
Comp_AllChan_HSIn_Radio_Spend,Independent,Comp,AllChan,HSIn,Radio,Spend,Comp
Comp_AllChan_TEL_Radio_Spend,Independent,Comp,AllChan,TEL,Radio,Spend,Comp
Comp_AllChan_MOB_Radio_Spend,Independent,Comp,AllChan,MOB,Radio,Spend,Comp
Comp_AllChan_HSIn_OOH_Spend,Independent,Comp,AllChan,HSIn,OOH,Spend,Comp
Comp_AllChan_TEL_OOH_Spend,Independent,Comp,AllChan,TEL,OOH,Spend,Comp
Comp_AllChan_MOB_OOH_Spend,Independent,Comp,AllChan,MOB,OOH,Spend,Comp
Comp_AllChan_TV_OOH_Spend,Independent,Comp,AllChan,TV,OOH,Spend,Comp
Comp_AllChan_HSIn_Instoremedia_Spend,Independent,Comp,AllChan,HSIn,Instoremedia,Spend,Comp
Comp_AllChan_TEL_Instoremedia_Spend,Independent,Comp,AllChan,TEL,Instoremedia,Spend,Comp
Comp_AllChan_MOB_Instoremedia_Spend,Independent,Comp,AllChan,MOB,Instoremedia,Spend,Comp
Comp_AllChan_HSIn_TV_GRP,Independent,Comp,AllChan,HSIn,TV,GRP,Comp
Comp_AllChan_TEL_TV_GRP,Independent,Comp,AllChan,TEL,TV,GRP,Comp
Comp_AllChan_MOB_TV_GRP,Independent,Comp,AllChan,MOB,TV,GRP,Comp
Comp_AllChan_TV_TV_GRP,Independent,Comp,AllChan,TV,TV,GRP,Comp
Comp_AllChan_HSIn_Radio_GRP,Independent,Comp,AllChan,HSIn,Radio,GRP,Comp
Comp_AllChan_TEL_Radio_GRP,Independent,Comp,AllChan,TEL,Radio,GRP,Comp
Comp_AllChan_MOB_Radio_GRP,Independent,Comp,AllChan,MOB,Radio,GRP,Comp
UM_Digitaldir_AllProd_ChanSpecificDisc_Euros_OnlyMidValTier,Independent,UM,Digitaldir,AllProd,ChanSpecificDisc,Euros,Promo
UM_TeleinSiS_HSIn_OTCFreeBudget_RelNumOfSubsidy,Independent,UM,TeleinSiS,HSIn,OTCFreeBudget,RelNumOfSubsidy,Promo
UM_TeleinSiS_HSIn_OTCFreeBudget_AbsNumOfSubsidy,Independent,UM,TeleinSiS,HSIn,OTCFreeBudget,AbsNumOfSubsidy,Promo
UM_TeleinSiS_HSIn_OTCFreeBudget_Spend,Independent,UM,TeleinSiS,HSIn,OTCFreeBudget,Spend,Promo
UM_Retaildir_2P_POSPromotion_Spend,Independent,UM,Retaildir,2P,POSPromotion,Spend,Promo
UM_Retaildir_3P_POSPromotion_Spend,Independent,UM,Retaildir,3P,POSPromotion,Spend,Promo
UM_Retaildir_HSIn_POSPromotion_Spend,Independent,UM,Retaildir,HSIn,POSPromotion,Spend,Promo
UM_Retaildir_AllProd_POSPromotion_Spend,Independent,UM,Retaildir,AllProd,POSPromotion,Spend,Promo
UM_DigitalIndir_AllProd_AvgCommPaid_Euros_2016n17,Independent,UM,DigitalIndir,AllProd,AvgCommPaid,Euros,Promo
UM_DigitalIndir_AllProd_AvgCommPaidAdjforLag_Euros_2016n17,Independent,UM,DigitalIndir,AllProd,AvgCommPaidAdjforLag,Euros,Promo
UM_DigitalIndir_AllProd_AvgCashBackPaid_Euros_2016n17,Independent,UM,DigitalIndir,AllProd,AvgCashBackPaid,Euros,Promo
UM_AllChan_AllProd_ProgFB_Impressions,Independent,UM,AllChan,AllProd,ProgFB,Impressions,Missing
UM_AllChan_AllProd_ProgFB_Clicks,Independent,UM,AllChan,AllProd,ProgFB,Clicks,Missing
UM_AllChan_AllProd_ProgFB_Spend,Independent,UM,AllChan,AllProd,ProgFB,Spend,Missing
UM_AllChan_AllProd_ProgNative_Impressions,Independent,UM,AllChan,AllProd,ProgNative,Impressions,Missing
UM_AllChan_AllProd_ProgNative_Clicks,Independent,UM,AllChan,AllProd,ProgNative,Clicks,Missing
UM_AllChan_AllProd_ProgNative_Spend,Independent,UM,AllChan,AllProd,ProgNative,Spend,Missing
UM_AllChan_AllProd_ProgStandard_Impressions,Independent,UM,AllChan,AllProd,ProgStandard,Impressions,Digital
UM_AllChan_AllProd_ProgStandard_Clicks,Independent,UM,AllChan,AllProd,ProgStandard,Clicks,Digital
UM_AllChan_AllProd_ProgStandard_Spend,Independent,UM,AllChan,AllProd,ProgStandard,Spend,Digital
UM_AllChan_B2B_ProgStandard_Impressions,Independent,UM,AllChan,B2B,ProgStandard,Impressions,Digital
UM_AllChan_B2B_ProgStandard_Clicks,Independent,UM,AllChan,B2B,ProgStandard,Clicks,Digital
UM_AllChan_B2B_ProgStandard_Spend,Independent,UM,AllChan,B2B,ProgStandard,Spend,Digital
UM_AllChan_HSIn_ProgStandard_Impressions,Independent,UM,AllChan,HSIn,ProgStandard,Impressions,Digital
UM_AllChan_HSIn_ProgStandard_Clicks,Independent,UM,AllChan,HSIn,ProgStandard,Clicks,Digital
UM_AllChan_HSIn_ProgStandard_Spend,Independent,UM,AllChan,HSIn,ProgStandard,Spend,Digital
UM_AllChan_AllProd_ProgVideo_Impressions,Independent,UM,AllChan,AllProd,ProgVideo,Impressions,Digital
UM_AllChan_AllProd_ProgVideo_Clicks,Independent,UM,AllChan,AllProd,ProgVideo,Clicks,Digital
UM_AllChan_AllProd_ProgVideo_Spend,Independent,UM,AllChan,AllProd,ProgVideo,Spend,Digital
UM_AllChan_B2B_ProgVideo_Impressions,Independent,UM,AllChan,B2B,ProgVideo,Impressions,Digital
UM_AllChan_B2B_ProgVideo_Clicks,Independent,UM,AllChan,B2B,ProgVideo,Clicks,Digital
UM_AllChan_B2B_ProgVideo_Spend,Independent,UM,AllChan,B2B,ProgVideo,Spend,Digital
UM_AllChan_HSIn_ProgVideo_Impressions,Independent,UM,AllChan,HSIn,ProgVideo,Impressions,Digital
UM_AllChan_HSIn_ProgVideo_Clicks,Independent,UM,AllChan,HSIn,ProgVideo,Clicks,Digital
UM_AllChan_HSIn_ProgVideo_Spend,Independent,UM,AllChan,HSIn,ProgVideo,Spend,Digital
UM_AllChan_AllProd_ProgStandard_sum_Impressions,Independent,UM,AllChan,AllProd,ProgStandard_sum,Impressions,Missing
UM_AllChan_AllProd_ProgStandard_sum_Clicks,Independent,UM,AllChan,AllProd,ProgStandard_sum,Clicks,Missing
UM_AllChan_AllProd_ProgStandard_sum_Spend,Independent,UM,AllChan,AllProd,ProgStandard_sum,Spend,Missing
UM_AllChan_AllProd_ProgVideo_sum_Impressions,Independent,UM,AllChan,AllProd,ProgVideo_sum,Impressions,Missing
UM_AllChan_AllProd_ProgVideo_sum_Clicks,Independent,UM,AllChan,AllProd,ProgVideo_sum,Clicks,Missing
UM_AllChan_AllProd_ProgVideo_sum_Spend,Independent,UM,AllChan,AllProd,ProgVideo_sum,Spend,Missing
UM_AllChan_B2B_sum_Impressions,Independent,UM,AllChan,B2B,sum,Impressions,Digital
UM_AllChan_Non_B2B_sum_Impressions,Independent,UM,AllChan,Non_B2B,sum,Impressions,Digital
UM_AllChan_AllProd_ProgrammaticTot_Impressions,Independent,UM,AllChan,AllProd,ProgrammaticTot,Impressions,Digital
UM_AllChan_AllProd_ProgrammaticTot_Clicks,Independent,UM,AllChan,AllProd,ProgrammaticTot,Clicks,Digital
UM_AllChan_AllProd_ProgrammaticTot_Spend,Independent,UM,AllChan,AllProd,ProgrammaticTot,Spend,Digital
UM_AllChan_HSIn_NonProgDisplay_Impressions,Independent,UM,AllChan,HSIn,NonProgDisplay,Impressions,Digital
UM_AllChan_HSIn_NonProgDisplay_Clicks,Independent,UM,AllChan,HSIn,NonProgDisplay,Clicks,Digital
UM_AllChan_HSIn_NonProgDisplay_SpendGross,Independent,UM,AllChan,HSIn,NonProgDisplay,SpendGross,Digital
UM_AllChan_HSIn_NonProgDisplay_SpendNet,Independent,UM,AllChan,HSIn,NonProgDisplay,SpendNet,Digital
UM_AllChan_HSIn_NonProgDisplay_Views,Independent,UM,AllChan,HSIn,NonProgDisplay,Views,Digital
UM_AllChan_AllProd_NonProgDisplay_Impressions,Independent,UM,AllChan,AllProd,NonProgDisplay,Impressions,Digital
UM_AllChan_AllProd_NonProgDisplay_Clicks,Independent,UM,AllChan,AllProd,NonProgDisplay,Clicks,Digital
UM_AllChan_AllProd_NonProgDisplay_SpendGross,Independent,UM,AllChan,AllProd,NonProgDisplay,SpendGross,Digital
UM_AllChan_AllProd_NonProgDisplay_SpendNet,Independent,UM,AllChan,AllProd,NonProgDisplay,SpendNet,Digital
UM_AllChan_AllProd_NonProgDisplay_Views,Independent,UM,AllChan,AllProd,NonProgDisplay,Views,Digital
UM_AllChan_B2B_NonProgDisplay_Impressions,Independent,UM,AllChan,B2B,NonProgDisplay,Impressions,Digital
UM_AllChan_B2B_NonProgDisplay_Clicks,Independent,UM,AllChan,B2B,NonProgDisplay,Clicks,Digital
UM_AllChan_B2B_NonProgDisplay_SpendGross,Independent,UM,AllChan,B2B,NonProgDisplay,SpendGross,Digital
UM_AllChan_B2B_NonProgDisplay_SpendNet,Independent,UM,AllChan,B2B,NonProgDisplay,SpendNet,Digital
UM_AllChan_B2B_NonProgDisplay_Views,Independent,UM,AllChan,B2B,NonProgDisplay,Views,Digital
UM_AllChan_HSIn_NonProgConnectedTV_Impressions,Independent,UM,AllChan,HSIn,NonProgConnectedTV,Impressions,Digital
UM_AllChan_HSIn_NonProgConnectedTV_Clicks,Independent,UM,AllChan,HSIn,NonProgConnectedTV,Clicks,Digital
UM_AllChan_HSIn_NonProgConnectedTV_SpendGross,Independent,UM,AllChan,HSIn,NonProgConnectedTV,SpendGross,Digital
UM_AllChan_HSIn_NonProgConnectedTV_SpendNet,Independent,UM,AllChan,HSIn,NonProgConnectedTV,SpendNet,Digital
UM_AllChan_HSIn_NonProgConnectedTV_Views,Independent,UM,AllChan,HSIn,NonProgConnectedTV,Views,Digital
UM_AllChan_HSIn_NonProgVideo_Impressions,Independent,UM,AllChan,HSIn,NonProgVideo,Impressions,Digital
UM_AllChan_HSIn_NonProgVideo_Clicks,Independent,UM,AllChan,HSIn,NonProgVideo,Clicks,Digital
UM_AllChan_HSIn_NonProgVideo_SpendGross,Independent,UM,AllChan,HSIn,NonProgVideo,SpendGross,Digital
UM_AllChan_HSIn_NonProgVideo_SpendNet,Independent,UM,AllChan,HSIn,NonProgVideo,SpendNet,Digital
UM_AllChan_HSIn_NonProgVideo_Views,Independent,UM,AllChan,HSIn,NonProgVideo,Views,Digital
UM_AllChan_AllProd_NonProgVideo_Impressions,Independent,UM,AllChan,AllProd,NonProgVideo,Impressions,Digital
UM_AllChan_AllProd_NonProgVideo_Clicks,Independent,UM,AllChan,AllProd,NonProgVideo,Clicks,Digital
UM_AllChan_AllProd_NonProgVideo_SpendGross,Independent,UM,AllChan,AllProd,NonProgVideo,SpendGross,Digital
UM_AllChan_AllProd_NonProgVideo_SpendNet,Independent,UM,AllChan,AllProd,NonProgVideo,SpendNet,Digital
UM_AllChan_AllProd_NonProgVideo_Views,Independent,UM,AllChan,AllProd,NonProgVideo,Views,Digital
UM_AllChan_HSIn_NonProgSmartTV_Impressions,Independent,UM,AllChan,HSIn,NonProgSmartTV,Impressions,Digital
UM_AllChan_HSIn_NonProgSmartTV_Clicks,Independent,UM,AllChan,HSIn,NonProgSmartTV,Clicks,Digital
UM_AllChan_HSIn_NonProgSmartTV_SpendGross,Independent,UM,AllChan,HSIn,NonProgSmartTV,SpendGross,Digital
UM_AllChan_HSIn_NonProgSmartTV_SpendNet,Independent,UM,AllChan,HSIn,NonProgSmartTV,SpendNet,Digital
UM_AllChan_HSIn_NonProgSmartTV_Views,Independent,UM,AllChan,HSIn,NonProgSmartTV,Views,Digital
UM_AllChan_AllProd_NonProgSmartTV_Impressions,Independent,UM,AllChan,AllProd,NonProgSmartTV,Impressions,Digital
UM_AllChan_AllProd_NonProgSmartTV_Clicks,Independent,UM,AllChan,AllProd,NonProgSmartTV,Clicks,Digital
UM_AllChan_AllProd_NonProgSmartTV_SpendGross,Independent,UM,AllChan,AllProd,NonProgSmartTV,SpendGross,Digital
UM_AllChan_AllProd_NonProgSmartTV_SpendNet,Independent,UM,AllChan,AllProd,NonProgSmartTV,SpendNet,Digital
UM_AllChan_AllProd_NonProgSmartTV_Views,Independent,UM,AllChan,AllProd,NonProgSmartTV,Views,Digital
UM_AllChan_HSIn_NonProgMobile_Impressions,Independent,UM,AllChan,HSIn,NonProgMobile,Impressions,Digital
UM_AllChan_HSIn_NonProgMobile_Clicks,Independent,UM,AllChan,HSIn,NonProgMobile,Clicks,Digital
UM_AllChan_HSIn_NonProgMobile_SpendGross,Independent,UM,AllChan,HSIn,NonProgMobile,SpendGross,Digital
UM_AllChan_HSIn_NonProgMobile_SpendNet,Independent,UM,AllChan,HSIn,NonProgMobile,SpendNet,Digital
UM_AllChan_HSIn_NonProgMobile_Views,Independent,UM,AllChan,HSIn,NonProgMobile,Views,Digital
UM_AllChan_AllProd_NonProgAbilimedia_Impressions,Independent,UM,AllChan,AllProd,NonProgAbilimedia,Impressions,Digital
UM_AllChan_AllProd_NonProgAbilimedia_Clicks,Independent,UM,AllChan,AllProd,NonProgAbilimedia,Clicks,Digital
UM_AllChan_AllProd_NonProgAbilimedia_SpendGross,Independent,UM,AllChan,AllProd,NonProgAbilimedia,SpendGross,Digital
UM_AllChan_AllProd_NonProgAbilimedia_SpendNet,Independent,UM,AllChan,AllProd,NonProgAbilimedia,SpendNet,Digital
UM_AllChan_AllProd_NonProgAbilimedia_Views,Independent,UM,AllChan,AllProd,NonProgAbilimedia,Views,Digital
UM_AllChan_AllProd_NonProgDBM_Impressions,Independent,UM,AllChan,AllProd,NonProgDBM,Impressions,Digital
UM_AllChan_AllProd_NonProgDBM_Clicks,Independent,UM,AllChan,AllProd,NonProgDBM,Clicks,Digital
UM_AllChan_AllProd_NonProgDBM_SpendGross,Independent,UM,AllChan,AllProd,NonProgDBM,SpendGross,Digital
UM_AllChan_AllProd_NonProgDBM_SpendNet,Independent,UM,AllChan,AllProd,NonProgDBM,SpendNet,Digital
UM_AllChan_AllProd_NonProgDBM_Views,Independent,UM,AllChan,AllProd,NonProgDBM,Views,Digital
UM_AllChan_AllProd_NonProgDisplay_sum_Impressions,Independent,UM,AllChan,AllProd,NonProgDisplay_sum,Impressions,Digital
UM_AllChan_AllProd_NonProgDisplay_sum_Clicks,Independent,UM,AllChan,AllProd,NonProgDisplay_sum,Clicks,Digital
UM_AllChan_AllProd_NonProgDisplay_sum_SpendGross,Independent,UM,AllChan,AllProd,NonProgDisplay_sum,SpendGross,Digital
UM_AllChan_AllProd_NonProgDisplay_sum_SpendNet,Independent,UM,AllChan,AllProd,NonProgDisplay_sum,SpendNet,Digital
UM_AllChan_AllProd_NonProgDisplay_sum_Views,Independent,UM,AllChan,AllProd,NonProgDisplay_sum,Views,Digital
UM_AllChan_AllProd_NonProgVideo_sum_Impressions,Independent,UM,AllChan,AllProd,NonProgVideo_sum,Impressions,Digital
UM_AllChan_AllProd_NonProgVideo_sum_Clicks,Independent,UM,AllChan,AllProd,NonProgVideo_sum,Clicks,Digital
UM_AllChan_AllProd_NonProgVideo_sum_SpendGross,Independent,UM,AllChan,AllProd,NonProgVideo_sum,SpendGross,Digital
UM_AllChan_AllProd_NonProgVideo_sum_SpendNet,Independent,UM,AllChan,AllProd,NonProgVideo_sum,SpendNet,Digital
UM_AllChan_AllProd_NonProgVideo_sum_Views,Independent,UM,AllChan,AllProd,NonProgVideo_sum,Views,Digital
UM_AllChan_AllProd_NonProgSmartTV_sum_Impressions,Independent,UM,AllChan,AllProd,NonProgSmartTV_sum,Impressions,Digital
UM_AllChan_AllProd_NonProgSmartTV_sum_Clicks,Independent,UM,AllChan,AllProd,NonProgSmartTV_sum,Clicks,Digital
UM_AllChan_AllProd_NonProgSmartTV_sum_SpendGross,Independent,UM,AllChan,AllProd,NonProgSmartTV_sum,SpendGross,Digital
UM_AllChan_AllProd_NonProgSmartTV_sum_SpendNet,Independent,UM,AllChan,AllProd,NonProgSmartTV_sum,SpendNet,Digital
UM_AllChan_AllProd_NonProgSmartTV_sum_Views,Independent,UM,AllChan,AllProd,NonProgSmartTV_sum,Views,Digital
UM_AllChan_AllProd_NonProgTotal_Impressions,Independent,UM,AllChan,AllProd,NonProgTotal,Impressions,Digital
UM_AllChan_AllProd_NonProgTotal_Clicks,Independent,UM,AllChan,AllProd,NonProgTotal,Clicks,Digital
UM_AllChan_AllProd_NonProgTotal_SpendGross,Independent,UM,AllChan,AllProd,NonProgTotal,SpendGross,Digital
UM_AllChan_AllProd_NonProgTotal_SpendNet,Independent,UM,AllChan,AllProd,NonProgTotal,SpendNet,Digital
UM_AllChan_AllProd_NonProgTotal_Views,Independent,UM,AllChan,AllProd,NonProgTotal,Views,Digital
UM_AllChan_AllProd_SocialFBOnly_ImpressionOrg,Independent,UM,AllChan,AllProd,SocialFBOnly,ImpressionOrg,Digital
UM_AllChan_AllProd_SocialFBOnly_ImpressionPaid,Independent,UM,AllChan,AllProd,SocialFBOnly,ImpressionPaid,Digital
UM_AllChan_AllProd_SocialFBOnly_Clicks,Independent,UM,AllChan,AllProd,SocialFBOnly,Clicks,Digital
UM_AllChan_AllProd_SocialFBOnly_Budget,Independent,UM,AllChan,AllProd,SocialFBOnly,Budget,Digital
UM_AllChan_AllProd_SocialYoutube_Impressions,Independent,UM,AllChan,AllProd,SocialYoutube,Impressions,Digital
UM_AllChan_AllProd_SocialYoutube_Clicks,Independent,UM,AllChan,AllProd,SocialYoutube,Clicks,Digital
UM_AllChan_AllProd_SocialYoutube_Views,Independent,UM,AllChan,AllProd,SocialYoutube,Views,Digital
UM_AllChan_AllProd_SocialYoutube_SpendGross,Independent,UM,AllChan,AllProd,SocialYoutube,SpendGross,Digital
UM_AllChan_AllProd_SocialYoutube_SpendNet,Independent,UM,AllChan,AllProd,SocialYoutube,SpendNet,Digital
UM_AllChan_AllProd_SocialFBInsta_Impressions,Independent,UM,AllChan,AllProd,SocialFB&Insta,Impressions,Digital
UM_AllChan_AllProd_SocialFBInsta_Clicks,Independent,UM,AllChan,AllProd,SocialFB&Insta,Clicks,Digital
UM_AllChan_AllProd_SocialFBInsta_Websiteclicks,Independent,UM,AllChan,AllProd,SocialFB&Insta,Websiteclicks,Digital
UM_AllChan_AllProd_SocialFBInsta_Views,Independent,UM,AllChan,AllProd,SocialFB&Insta,Views,Digital
UM_AllChan_AllProd_SocialFBInsta_SpendGross,Independent,UM,AllChan,AllProd,SocialFB&Insta,SpendGross,Digital
UM_AllChan_AllProd_SocialFBInsta_SpendNet,Independent,UM,AllChan,AllProd,SocialFB&Insta,SpendNet,Digital
UM_AllChan_HSIn_SocialFBInsta_Impressions,Independent,UM,AllChan,HSIn,SocialFB&Insta,Impressions,Digital
UM_AllChan_HSIn_SocialFBInsta_Clicks,Independent,UM,AllChan,HSIn,SocialFB&Insta,Clicks,Digital
UM_AllChan_HSIn_SocialFBInsta_Websiteclicks,Independent,UM,AllChan,HSIn,SocialFB&Insta,Websiteclicks,Digital
UM_AllChan_HSIn_SocialFBInsta_Views,Independent,UM,AllChan,HSIn,SocialFB&Insta,Views,Digital
UM_AllChan_HSIn_SocialFBInsta_SpendGross,Independent,UM,AllChan,HSIn,SocialFB&Insta,SpendGross,Digital
UM_AllChan_HSIn_SocialFBInsta_SpendNet,Independent,UM,AllChan,HSIn,SocialFB&Insta,SpendNet,Digital
UM_AllChan_TV_SocialFBInsta_Impressions,Independent,UM,AllChan,TV,SocialFB&Insta,Impressions,Digital
UM_AllChan_TV_SocialFBInsta_Clicks,Independent,UM,AllChan,TV,SocialFB&Insta,Clicks,Digital
UM_AllChan_TV_SocialFBInsta_Websiteclicks,Independent,UM,AllChan,TV,SocialFB&Insta,Websiteclicks,Digital
UM_AllChan_TV_SocialFBInsta_Views,Independent,UM,AllChan,TV,SocialFB&Insta,Views,Digital
UM_AllChan_TV_SocialFBInsta_SpendGross,Independent,UM,AllChan,TV,SocialFB&Insta,SpendGross,Digital
UM_AllChan_TV_SocialFBInsta_SpendNet,Independent,UM,AllChan,TV,SocialFB&Insta,SpendNet,Digital
UM_AllChan_1P_SocialFBInsta_Impressions,Independent,UM,AllChan,1P,SocialFB&Insta,Impressions,Digital
UM_AllChan_1P_SocialFBInsta_Clicks,Independent,UM,AllChan,1P,SocialFB&Insta,Clicks,Digital
UM_AllChan_1P_SocialFBInsta_Websiteclicks,Independent,UM,AllChan,1P,SocialFB&Insta,Websiteclicks,Digital
UM_AllChan_1P_SocialFBInsta_Views,Independent,UM,AllChan,1P,SocialFB&Insta,Views,Digital
UM_AllChan_1P_SocialFBInsta_SpendGross,Independent,UM,AllChan,1P,SocialFB&Insta,SpendGross,Digital
UM_AllChan_1P_SocialFBInsta_SpendNet,Independent,UM,AllChan,1P,SocialFB&Insta,SpendNet,Digital
UM_AllChan_2P_SocialFBInsta_Impressions,Independent,UM,AllChan,2P,SocialFB&Insta,Impressions,Digital
UM_AllChan_2P_SocialFBInsta_Clicks,Independent,UM,AllChan,2P,SocialFB&Insta,Clicks,Digital
UM_AllChan_2P_SocialFBInsta_Websiteclicks,Independent,UM,AllChan,2P,SocialFB&Insta,Websiteclicks,Digital
UM_AllChan_2P_SocialFBInsta_Views,Independent,UM,AllChan,2P,SocialFB&Insta,Views,Digital
UM_AllChan_2P_SocialFBInsta_SpendGross,Independent,UM,AllChan,2P,SocialFB&Insta,SpendGross,Digital
UM_AllChan_2P_SocialFBInsta_SpendNet,Independent,UM,AllChan,2P,SocialFB&Insta,SpendNet,Digital
UM_AllChan_3P_SocialFBInsta_Impressions,Independent,UM,AllChan,3P,SocialFB&Insta,Impressions,Digital
UM_AllChan_3P_SocialFBInsta_Clicks,Independent,UM,AllChan,3P,SocialFB&Insta,Clicks,Digital
UM_AllChan_3P_SocialFBInsta_Websiteclicks,Independent,UM,AllChan,3P,SocialFB&Insta,Websiteclicks,Digital
UM_AllChan_3P_SocialFBInsta_Views,Independent,UM,AllChan,3P,SocialFB&Insta,Views,Digital
UM_AllChan_3P_SocialFBInsta_SpendGross,Independent,UM,AllChan,3P,SocialFB&Insta,SpendGross,Digital
UM_AllChan_3P_SocialFBInsta_SpendNet,Independent,UM,AllChan,3P,SocialFB&Insta,SpendNet,Digital
UM_AllChan_TEL_SocialFBInsta_Impressions,Independent,UM,AllChan,TEL,SocialFB&Insta,Impressions,Digital
UM_AllChan_TEL_SocialFBInsta_Clicks,Independent,UM,AllChan,TEL,SocialFB&Insta,Clicks,Digital
UM_AllChan_TEL_SocialFBInsta_Websiteclicks,Independent,UM,AllChan,TEL,SocialFB&Insta,Websiteclicks,Digital
UM_AllChan_TEL_SocialFBInsta_Views,Independent,UM,AllChan,TEL,SocialFB&Insta,Views,Digital
UM_AllChan_TEL_SocialFBInsta_SpendGross,Independent,UM,AllChan,TEL,SocialFB&Insta,SpendGross,Digital
UM_AllChan_TEL_SocialFBInsta_SpendNet,Independent,UM,AllChan,TEL,SocialFB&Insta,SpendNet,Digital
UM_AllChan_B2B_SocialFBInsta_Impressions,Independent,UM,AllChan,B2B,SocialFB&Insta,Impressions,Digital
UM_AllChan_B2B_SocialFBInsta_Clicks,Independent,UM,AllChan,B2B,SocialFB&Insta,Clicks,Digital
UM_AllChan_B2B_SocialFBInsta_Websiteclicks,Independent,UM,AllChan,B2B,SocialFB&Insta,Websiteclicks,Digital
UM_AllChan_B2B_SocialFBInsta_Views,Independent,UM,AllChan,B2B,SocialFB&Insta,Views,Digital
UM_AllChan_B2B_SocialFBInsta_SpendGross,Independent,UM,AllChan,B2B,SocialFB&Insta,SpendGross,Digital
UM_AllChan_B2B_SocialFBInsta_SpendNet,Independent,UM,AllChan,B2B,SocialFB&Insta,SpendNet,Digital
UM_AllChan_TotSocialFBInsta_SocialFBInstaTot_Impressions,Independent,UM,AllChan,TotSocialFB&Insta,SocialFB&InstaTot,Impressions,Digital
UM_AllChan_TotSocialFBInsta_SocialFBInstaTot_Clicks,Independent,UM,AllChan,TotSocialFB&Insta,SocialFB&InstaTot,Clicks,Digital
UM_AllChan_TotSocialFBInsta_SocialFBInstaTot_Websiteclicks,Independent,UM,AllChan,TotSocialFB&Insta,SocialFB&InstaTot,Websiteclicks,Digital
UM_AllChan_TotSocialFBInsta_SocialFBInstaTot_Views,Independent,UM,AllChan,TotSocialFB&Insta,SocialFB&InstaTot,Views,Digital
UM_AllChan_TotSocialFBInsta_SocialFBInstaTot_SpendGross,Independent,UM,AllChan,TotSocialFB&Insta,SocialFB&InstaTot,SpendGross,Digital
UM_AllChan_TotSocialFBInsta_SocialFBInstaTot_SpendNet,Independent,UM,AllChan,TotSocialFB&Insta,SocialFB&InstaTot,SpendNet,Digital
UM_AllChan_1P_PaidSearch_Impressions_Brand_2016n17,Independent,UM,AllChan,1P,PaidSearch,Impressions,Search
UM_AllChan_1P_PaidSearch_Clicks_Brand_2016n17,Independent,UM,AllChan,1P,PaidSearch,Clicks,Search
UM_AllChan_1P_PaidSearch_Cost_Brand_2016n17,Independent,UM,AllChan,1P,PaidSearch,Cost,Search
UM_AllChan_1P_PaidSearch_Impressions_NonBrand,Independent,UM,AllChan,1P,PaidSearch,Impressions,Search
UM_AllChan_1P_PaidSearch_Clicks_NonBrand,Independent,UM,AllChan,1P,PaidSearch,Clicks,Search
UM_AllChan_1P_PaidSearch_Cost_NonBrand,Independent,UM,AllChan,1P,PaidSearch,Cost,Search
UM_AllChan_1P_PaidSearch_Impressions_Product,Independent,UM,AllChan,1P,PaidSearch,Impressions,Search
UM_AllChan_1P_PaidSearch_Clicks_Product,Independent,UM,AllChan,1P,PaidSearch,Clicks,Search
UM_AllChan_1P_PaidSearch_Cost_Product,Independent,UM,AllChan,1P,PaidSearch,Cost,Search
UM_AllChan_2P_PaidSearch_Impressions_Brand,Independent,UM,AllChan,2P,PaidSearch,Impressions,Search
UM_AllChan_2P_PaidSearch_Clicks_Brand,Independent,UM,AllChan,2P,PaidSearch,Clicks,Search
UM_AllChan_2P_PaidSearch_Cost_Brand,Independent,UM,AllChan,2P,PaidSearch,Cost,Search
UM_AllChan_2P_PaidSearch_Impressions_NonBrand,Independent,UM,AllChan,2P,PaidSearch,Impressions,Search
UM_AllChan_2P_PaidSearch_Clicks_NonBrand,Independent,UM,AllChan,2P,PaidSearch,Clicks,Search
UM_AllChan_2P_PaidSearch_Cost_NonBrand,Independent,UM,AllChan,2P,PaidSearch,Cost,Search
UM_AllChan_2P_PaidSearch_Impressions_Product,Independent,UM,AllChan,2P,PaidSearch,Impressions,Search
UM_AllChan_2P_PaidSearch_Clicks_Product,Independent,UM,AllChan,2P,PaidSearch,Clicks,Search
UM_AllChan_2P_PaidSearch_Cost_Product,Independent,UM,AllChan,2P,PaidSearch,Cost,Search
UM_AllChan_3P_PaidSearch_Impressions_Brand,Independent,UM,AllChan,3P,PaidSearch,Impressions,Search
UM_AllChan_3P_PaidSearch_Clicks_Brand,Independent,UM,AllChan,3P,PaidSearch,Clicks,Search
UM_AllChan_3P_PaidSearch_Cost_Brand,Independent,UM,AllChan,3P,PaidSearch,Cost,Search
UM_AllChan_3P_PaidSearch_Impressions_NonBrand,Independent,UM,AllChan,3P,PaidSearch,Impressions,Search
UM_AllChan_3P_PaidSearch_Clicks_NonBrand,Independent,UM,AllChan,3P,PaidSearch,Clicks,Search
UM_AllChan_3P_PaidSearch_Cost_NonBrand,Independent,UM,AllChan,3P,PaidSearch,Cost,Search
UM_AllChan_3P_PaidSearch_Impressions_Product,Independent,UM,AllChan,3P,PaidSearch,Impressions,Search
UM_AllChan_3P_PaidSearch_Clicks_Product,Independent,UM,AllChan,3P,PaidSearch,Clicks,Search
UM_AllChan_3P_PaidSearch_Cost_Product,Independent,UM,AllChan,3P,PaidSearch,Cost,Search
UM_AllChan_AllProd_PaidSearch_Impressions_Brand,Independent,UM,AllChan,AllProd,PaidSearch,Impressions,Search
UM_AllChan_AllProd_PaidSearch_Clicks_Brand,Independent,UM,AllChan,AllProd,PaidSearch,Clicks,Search
UM_AllChan_AllProd_PaidSearch_Cost_Brand,Independent,UM,AllChan,AllProd,PaidSearch,Cost,Search
UM_AllChan_HSIn_PaidSearch_Impressions_Brand,Independent,UM,AllChan,HSIn,PaidSearch,Impressions,Search
UM_AllChan_HSIn_PaidSearch_Clicks_Brand,Independent,UM,AllChan,HSIn,PaidSearch,Clicks,Search
UM_AllChan_HSIn_PaidSearch_Cost_Brand,Independent,UM,AllChan,HSIn,PaidSearch,Cost,Search
UM_AllChan_HSIn_PaidSearch_Impressions_NonBrand,Independent,UM,AllChan,HSIn,PaidSearch,Impressions,Search
UM_AllChan_HSIn_PaidSearch_Clicks_NonBrand,Independent,UM,AllChan,HSIn,PaidSearch,Clicks,Search
UM_AllChan_HSIn_PaidSearch_Cost_NonBrand,Independent,UM,AllChan,HSIn,PaidSearch,Cost,Search
UM_AllChan_HSIn_PaidSearch_Impressions_Product,Independent,UM,AllChan,HSIn,PaidSearch,Impressions,Search
UM_AllChan_HSIn_PaidSearch_Clicks_Product,Independent,UM,AllChan,HSIn,PaidSearch,Clicks,Search
UM_AllChan_HSIn_PaidSearch_Cost_Product,Independent,UM,AllChan,HSIn,PaidSearch,Cost,Search
UM_AllChan_TEL_PaidSearch_Impressions_Brand,Independent,UM,AllChan,TEL,PaidSearch,Impressions,Search
UM_AllChan_TEL_PaidSearch_Clicks_Brand,Independent,UM,AllChan,TEL,PaidSearch,Clicks,Search
UM_AllChan_TEL_PaidSearch_Cost_Brand,Independent,UM,AllChan,TEL,PaidSearch,Cost,Search
UM_AllChan_TEL_PaidSearch_Impressions_NonBrand,Independent,UM,AllChan,TEL,PaidSearch,Impressions,Search
UM_AllChan_TEL_PaidSearch_Clicks_NonBrand,Independent,UM,AllChan,TEL,PaidSearch,Clicks,Search
UM_AllChan_TEL_PaidSearch_Cost_NonBrand,Independent,UM,AllChan,TEL,PaidSearch,Cost,Search
UM_AllChan_TEL_PaidSearch_Impressions_Product,Independent,UM,AllChan,TEL,PaidSearch,Impressions,Search
UM_AllChan_TEL_PaidSearch_Clicks_Product,Independent,UM,AllChan,TEL,PaidSearch,Clicks,Search
UM_AllChan_TEL_PaidSearch_Cost_Product,Independent,UM,AllChan,TEL,PaidSearch,Cost,Search
UM_AllChan_TV_PaidSearch_Impressions_Brand,Independent,UM,AllChan,TV,PaidSearch,Impressions,Search
UM_AllChan_TV_PaidSearch_Clicks_Brand,Independent,UM,AllChan,TV,PaidSearch,Clicks,Search
UM_AllChan_TV_PaidSearch_Cost_Brand,Independent,UM,AllChan,TV,PaidSearch,Cost,Search
UM_AllChan_TV_PaidSearch_Impressions_NonBrand,Independent,UM,AllChan,TV,PaidSearch,Impressions,Search
UM_AllChan_TV_PaidSearch_Clicks_NonBrand,Independent,UM,AllChan,TV,PaidSearch,Clicks,Search
UM_AllChan_TV_PaidSearch_Cost_NonBrand,Independent,UM,AllChan,TV,PaidSearch,Cost,Search
UM_AllChan_TV_PaidSearch_Impressions_Product,Independent,UM,AllChan,TV,PaidSearch,Impressions,Search
UM_AllChan_TV_PaidSearch_Clicks_Product,Independent,UM,AllChan,TV,PaidSearch,Clicks,Search
UM_AllChan_TV_PaidSearch_Cost_Product,Independent,UM,AllChan,TV,PaidSearch,Cost,Search
UM_AllChan_AllProd_PaidSearch_sum_Impressions_BrandTotal,Independent,UM,AllChan,AllProd,PaidSearch_sum,Impressions,Search
UM_AllChan_AllProd_PaidSearch_sum_Clicks_BrandTotal,Independent,UM,AllChan,AllProd,PaidSearch_sum,Clicks,Search
UM_AllChan_AllProd_PaidSearch_sum_Cost_BrandTotal,Independent,UM,AllChan,AllProd,PaidSearch_sum,Cost,Search
UM_AllChan_AllProd_PaidSearch_sum_Impressions_NonBrandTotal,Independent,UM,AllChan,AllProd,PaidSearch_sum,Impressions,Search
UM_AllChan_AllProd_PaidSearch_sum_Clicks_NonBrandTotal,Independent,UM,AllChan,AllProd,PaidSearch_sum,Clicks,Search
UM_AllChan_AllProd_PaidSearch_sum_Cost_NonBrandTotal,Independent,UM,AllChan,AllProd,PaidSearch_sum,Cost,Search
UM_AllChan_AllProd_PaidSearch_sum_Impressions_ProductTotal,Independent,UM,AllChan,AllProd,PaidSearch_sum,Impressions,Search
UM_AllChan_AllProd_PaidSearch_sum_Clicks_ProductTotal,Independent,UM,AllChan,AllProd,PaidSearch_sum,Clicks,Search
UM_AllChan_AllProd_PaidSearch_sum_Cost_ProductTotal,Independent,UM,AllChan,AllProd,PaidSearch_sum,Cost,Search
UM_AllChan_AllProd_SearchBrand_SpendNet,Independent,UM,AllChan,AllProd,SearchBrand,SpendNet,Search
UM_AllChan_AllProd_SearchBrand_Impressions,Independent,UM,AllChan,AllProd,SearchBrand,Impressions,Search
UM_AllChan_AllProd_SearchBrand_Clicks,Independent,UM,AllChan,AllProd,SearchBrand,Clicks,Search
UM_AllChan_AllProd_SearchUnbranded_SpendNet,Independent,UM,AllChan,AllProd,SearchUnbranded,SpendNet,Search
UM_AllChan_AllProd_SearchUnbranded_Impressions,Independent,UM,AllChan,AllProd,SearchUnbranded,Impressions,Search
UM_AllChan_AllProd_SearchUnbranded_Clicks,Independent,UM,AllChan,AllProd,SearchUnbranded,Clicks,Search
UM_AllChan_AllProd_SearchProd_SpendNet,Independent,UM,AllChan,AllProd,SearchProd,SpendNet,Search
UM_AllChan_AllProd_SearchProd_Impressions,Independent,UM,AllChan,AllProd,SearchProd,Impressions,Search
UM_AllChan_AllProd_SearchProd_Clicks,Independent,UM,AllChan,AllProd,SearchProd,Clicks,Search
UM_AllChan_AllProd_WebTraffic_Affiliate_Clicks,Independent,UM,AllChan,AllProd,WebTraffic_Affiliate,Clicks,Digital
UM_AllChan_AllProd_WebTraffic_Affiliate_Views,Independent,UM,AllChan,AllProd,WebTraffic_Affiliate,Views,Digital
UM_AllChan_AllProd_WebTraffic_Affiliate_Visits,Independent,UM,AllChan,AllProd,WebTraffic_Affiliate,Visits,Digital
UM_AllChan_AllProd_WebTraffic_Affiliate_Revenue,Independent,UM,AllChan,AllProd,WebTraffic_Affiliate,Revenue,Digital
UM_AllChan_AllProd_WebTraffic_DirectWeb_Clicks,Independent,UM,AllChan,AllProd,WebTraffic_DirectWeb,Clicks,Digital
UM_AllChan_AllProd_WebTraffic_DirectWeb_Views,Independent,UM,AllChan,AllProd,WebTraffic_DirectWeb,Views,Digital
UM_AllChan_AllProd_WebTraffic_DirectWeb_Visits,Independent,UM,AllChan,AllProd,WebTraffic_DirectWeb,Visits,Digital
UM_AllChan_AllProd_WebTraffic_DirectWeb_Revenue,Independent,UM,AllChan,AllProd,WebTraffic_DirectWeb,Revenue,Digital
UM_AllChan_AllProd_WebTraffic_Display_Clicks,Independent,UM,AllChan,AllProd,WebTraffic_Display,Clicks,Digital
UM_AllChan_AllProd_WebTraffic_Display_Views,Independent,UM,AllChan,AllProd,WebTraffic_Display,Views,Digital
UM_AllChan_AllProd_WebTraffic_Display_Visits,Independent,UM,AllChan,AllProd,WebTraffic_Display,Visits,Digital
UM_AllChan_AllProd_WebTraffic_Display_Revenue,Independent,UM,AllChan,AllProd,WebTraffic_Display,Revenue,Digital
UM_AllChan_AllProd_WebTraffic_EMail_Clicks,Independent,UM,AllChan,AllProd,WebTraffic_EMail,Clicks,Digital
UM_AllChan_AllProd_WebTraffic_EMail_Views,Independent,UM,AllChan,AllProd,WebTraffic_EMail,Views,Digital
UM_AllChan_AllProd_WebTraffic_EMail_Visits,Independent,UM,AllChan,AllProd,WebTraffic_EMail,Visits,Digital
UM_AllChan_AllProd_WebTraffic_EMail_Revenue,Independent,UM,AllChan,AllProd,WebTraffic_EMail,Revenue,Digital
UM_AllChan_AllProd_WebTraffic_MGM_Clicks,Independent,UM,AllChan,AllProd,WebTraffic_MGM,Clicks,Digital
UM_AllChan_AllProd_WebTraffic_MGM_Views,Independent,UM,AllChan,AllProd,WebTraffic_MGM,Views,Digital
UM_AllChan_AllProd_WebTraffic_MGM_Visits,Independent,UM,AllChan,AllProd,WebTraffic_MGM,Visits,Digital
UM_AllChan_AllProd_WebTraffic_MGM_Revenue,Independent,UM,AllChan,AllProd,WebTraffic_MGM,Revenue,Digital
UM_AllChan_AllProd_WebTraffic_SEA_Clicks,Independent,UM,AllChan,AllProd,WebTraffic_SEA,Clicks,Digital
UM_AllChan_AllProd_WebTraffic_SEA_Views,Independent,UM,AllChan,AllProd,WebTraffic_SEA,Views,Digital
UM_AllChan_AllProd_WebTraffic_SEA_Visits,Independent,UM,AllChan,AllProd,WebTraffic_SEA,Visits,Digital
UM_AllChan_AllProd_WebTraffic_SEA_Revenue,Independent,UM,AllChan,AllProd,WebTraffic_SEA,Revenue,Digital
UM_AllChan_TotWeb_WebTraffic_Total_Clicks,Independent,UM,AllChan,TotWeb,WebTraffic_Total,Clicks,Digital
UM_AllChan_TotWeb_WebTraffic_Total_Views,Independent,UM,AllChan,TotWeb,WebTraffic_Total,Views,Digital
UM_AllChan_TotWeb_WebTraffic_Total_Visits,Independent,UM,AllChan,TotWeb,WebTraffic_Total,Visits,Digital
UM_AllChan_TotWeb_WebTraffic_Total_Revenue,Independent,UM,AllChan,TotWeb,WebTraffic_Total,Revenue,Digital
UM_Digitaldir_2P_PromoOnlineDiscVouch_EurosDiscount_RepOfMidTier,Independent,UM,Digitaldir,2P,PromoOnlineDiscVouch,EurosDiscount,Promo
UM_Digitaldir_3P_PromoOnlineDiscVouch_EurosDiscount_RepOfMidTier,Independent,UM,Digitaldir,3P,PromoOnlineDiscVouch,EurosDiscount,Promo
UM_AllChan_2P_ListPrice_Dummy,Independent,UM,AllChan,2P,ListPrice,Dummy,Price
UM_AllChan_2P_LosWochos_ScarcityIndicator,Independent,UM,AllChan,2P,LosWochos_ScarcityIndicator,EurosDiscount,Promo
UM_AllChan_AllProd_NationalHolidays_GeoWeightedDays,Independent,UM,AllChan,AllProd,NationalHolidays,GeoWeightedDays,Seasonal
UM_AllChan_AllProd_HolidaysXmas_NY_GeoWeightedDays,Independent,UM,AllChan,AllProd,HolidaysXmas,GeoWeightedDays,Seasonal
UM_AllChan_2P_TradePress_SpendGross,Independent,UM,AllChan,2P,TradePress,SpendGross,Spend
UM_AllChan_2P_PaidSearch_Impressions_NonBrand_Product,Independent,UM,AllChan,2P,PaidSearch,Impressions,Search
UM_AllChan_MSI_Discount15End_Dummy,Independent,UM,AllChan,MSI,Discount,Dummy,Promo
UM_AllChan_MSI_PostDiscount15_Dummy,Independent,UM,AllChan,MSI,Discount,Dummy,Promo
UM_AllChan_Internet_Radio_SpendGross,Independent,UM,AllChan,Internet,Internet_Radio,SpendGross,Spend
UM_AllChan_Internet_TV_SpendGross,Independent,UM,AllChan,Internet,Internet_TV,SpendGross,Spend
UM_AllChan_Internet_TradePress_SpendGross,Independent,UM,AllChan,Internet,Internet_TradePress,SpendGross,Spend
UM_AllChan_Internet_Magazine_SpendGross,Independent,UM,AllChan,Internet,Internet_Magazine,SpendGross,Spend
UM_AllChan_Internet_OOH_SpendGross,Independent,UM,AllChan,Internet,Internet_OOH,SpendGross,Spend
UM_AllChan_Internet_NewsPaper_SpendGross,Independent,UM,AllChan,Internet,Internet_NewsPaper,SpendGross,Spend
UM_AllChan_Internet_Cinema_SpendGross,Independent,UM,AllChan,Internet,Internet_Cinema,SpendGross,Spend
UM_AllChan_2P_PaidSearch_Impressions_NonBrand_Product_Discount_Weighted,Independent,UM,AllChan,2P,PaidSearch,Impressions,Search
Comp_AllChan_Media_Spend,Independent,UM,AllChan,AllProd,Media,SpendGross,Comp
Comp_AllChan_2P_Effectively_Mtl_Price_Avg_Ranking_V6,Independent,UM,AllChan,2P,Effectively_Mtl_Price,Avg_Ranking_V1,Comp
UM_AllChan_AllProd_New_Year_Peak_2017,Independent,UM,AllChan,AllProd,OETimeShifting,Dummy,Seasonal
UM_AllChan_AllProd_Christmas_Dip_2016,Independent,UM,AllChan,AllProd,OETimeShifting,Dummy,Seasonal
UM_AllChan_AllProd_Peak_June_2015,Independent,UM,AllChan,AllProd,OETimeShifting,Dummy,Seasonal
UM_Retailind_2P_HSIn_CPO3_Spend_GT_20000x,Independent,UM,Retailind,2P,CPO3,SpendGross,CPO
UM_Retailind_2P_HSIn_CPO3_Spend_LTE_20000x,Independent,UM,Retailind,HSIn,CPO3,SpendGross,CPO
Comp_AllChan_HSIn_Spend,Independent,UM,AllChan,HSIn,Media,SpendGross,Comp
UM_AllChan_3P_ListPrice_Dummy,Independent,UM,AllChan,3P,ListPrice,Dummy,Price
UM_AllChan_HSIn_PaidSearch_Impressions_Nonbrand_Product,Independent,UM,AllChan,HSIn,PaidSearch,Impressions,Search
UM_AllChan_3P_LosWochos_PriceReduction,Independent,UM,AllChan,3P,LosWochas,EuroDiscount,Promo
UM_AllChan_3P_PaidSearch_Impressions_Nonbrand_Product,Independent,UM,AllChan,3P,PaidSearch,Impressions,Search
UM_Retailind_3P_HSIn_CPO1b_SpendPerOE,Independent,UM,Retailind,3P,CPO1b,SpendGross,CPO
UM_Digital_1P_Sales_Units_OE,Dependent,UM,Digital,1P,Sales,Units,OE
UM_AllChan_1P_ListPrice_Dummy,Independent,UM,AllChan,1P,ListPrice,Dummy,Price
UM_AllChan_1P_PaidSearch_NonBrand_Product,Independent,UM,AllChan,1P,PaidSearch,Impressions,Search
UM_AllChan_BCS_ListPrice_Dummy,Independent,UM,AllChan,BCS,ListPrice,Dummy,Price
UM_AllChan_AllProd_PaidSearch_Impressions_NonBrand_Product,Independent,UM,AllChan,AllProd,PaidSearch,Impressions,Search
UM_D2DTeleout_BCS_Residual_One_Sigma_Dummy,Independent,UM,D2DTeleout,BCS,BCS_Residual,Dummy,Technical
UM_AllChan_2P_TradePress_SpendGross2,Independent,UM,AllChan,2P,TradePress,SpendGross,Spend
UM_AllChan_2P_Outbound_ReachedContacts2,Independent,UM,AllChan,2P,Outbound,ReachedContacts,DM
UM_AllChan_2P_VP3_Stepchange2x,Independent,UM,AllChan,2P,Effectively_Mtl_Price,Avg_Ranking_V3,VP
UM_AllChan_3P_Paidsearch_Discount_Weighted,Independent,UM,AllChan,3P,PaidSearch,Impressions,Search
UM_AllChan_HSIn_TV_GRP_T,Independent,UM,AllChan,HSIn,TV,GRP,GRP
UM_AllChan_2P_OOH_SpendGross_T,Independent,UM,AllChan,2P,OOH,SpendGross,Spend
UM_AllChan_2P_PaidSearch_Impressions_NonBrand_Product_T,Independent,UM,AllChan,2P,PaidSearch,Impressions,Search
UM_AllChan_2p3p_Outbound_ReachedContacts_T,Independent,UM,AllChan,2p3p,Outbound,ReachedContacts,DM
UM_AllChan_2P_LosWochos_Stepchange_T,Independent,UM,AllChan,2P,LosWochos,Stepchange,VP
UM_Digitaldir_2P_TP134_EuroValue_T,Independent,UM,Digitaldir,2P,TP134,EuroValue,Promo
UM_AllChan_AllProd_School_Holidays_GeoWeightedDays_T,Independent,UM,AllChan,AllProd,School_Holidays,GeoWeightedDays,Seasonal
UM_AllChan_2P_SocialFBInsta_Impressions_T,Independent,UM,AllChan,2P,SocialFB&Insta,Impressions,Digital
UM_AllChan_AllProd_NonProgDisplay_Impressions_T,Independent,UM,AllChan,AllProd,NonProgDisplay,Impressions,Digital
UM_DigitalIndir_AllProd_SalesSupport_Spend_Total,Independent,UM,DigitalIndir,AllProd,SalesSupport,Spend,Support
Comp_AllChan_MOB_TV_GRP_T,Independent,Comp,AllChan,MOB,TV,GRP,Comp
Comp_AllChan_TV_TV_GRP_T,Independent,Comp,AllChan,TV,TV,GRP,Comp
UM_AllChan_MSI_PostDiscount15_Dummy_T,Independent,UM,AllChan,MSI,Discount,Dummy,Promo
UM_D2DTeleout_3P_HSIn_CPO2_SpendPerOE_K2,Independent,UM,D2DTeleout,3P_HSIn,CPO2,SpendPerOE,CPO
UM_D2DTeleout_3P_HSIn_CPO3_Spend_T2,Independent,UM,D2DTeleout,3P_HSIn,CPO3,Spend,CPO
UM_D2DTeleout_BCS_CPO3_Spend_U2,Independent,UM,D2DTeleout,BCS,CPO3,Spend,CPO
UM_AllChan_BCS_ListPrice_Dummy_2,Independent,UM,AllChan,BCS,ListPrice,Euros,Price
UM_AllChan_AllProd_Magazines_SpendGross_T,Independent,UM,AllChan,AllProd,Magazines,SpendGross,Spend
UM_AllChan_AllProd_Newspapers_SpendGross_T,Independent,UM,AllChan,AllProd,Newspapers,SpendGross,Spend
UM_AllChan_AllProd_MarApr_Easter_Holidays_GeoWeightedDays_T,Independent,UM,AllChan,AllProd,MarApr_Easter_Holidays,GeoWeightedDays,Seasonal
UM_AllChan_AllProd_Karnveal_Holidays_GeoWeightedDays_T,Independent,UM,AllChan,AllProd,MarApr_Easter_Holidays,GeoWeightedDays,Seasonal
UM_AllChan_AllProd_ProgTot_PaidSearch_NonBrand_Product,Independent,UM,AllChan,AllProd,PaidSearch&ProgTotal,Impressions,Search
